[
  {
    "name": "CSS",
    "slug": "css",
    "type": "mdn",
    "mtime": 1543099045,
    "db_size": 12415944
  },
  {
    "name": "DOM",
    "slug": "dom",
    "type": "mdn",
    "mtime": 1543157862,
    "db_size": 33998524
  },
  {
    "name": "DOM Events",
    "slug": "dom_events",
    "type": "mdn",
    "mtime": 1543099589,
    "db_size": 1752500
  },
  {
    "name": "HTML",
    "slug": "html",
    "type": "mdn",
    "mtime": 1543097764,
    "db_size": 4141596
  },
  {
    "name": "HTTP",
    "slug": "http",
    "type": "mdn",
    "mtime": 1543099392,
    "db_size": 4731727
  },
  {
    "name": "JavaScript",
    "slug": "javascript",
    "type": "mdn",
    "mtime": 1543098529,
    "db_size": 6462141
  }
]